loan_id,Customer_ID,loan_start_date,tenure,installment_num,loan_amt,due_amt,paid_amt,overdue_amt,balance,snapshot_date
CUS_0x1037_2023_01_01,CUS_0x1037,2023-01-01,10,0,10000,0.0,0.0,0.0,10000.0,2023-01-01
CUS_0x1069_2023_01_01,CUS_0x1069,2023-01-01,10,0,10000,0.0,0.0,0.0,10000.0,2023-01-01
CUS_0x114a_2023_01_01,CUS_0x114a,2023-01-01,10,0,10000,0.0,0.0,0.0,10000.0,2023-01-01
CUS_0x1184_2023_01_01,CUS_0x1184,2023-01-01,10,0,10000,0.0,0.0,0.0,10000.0,2023-01-01
CUS_0x1297_2023_01_01,CUS_0x1297,2023-01-01,10,0,10000,0.0,0.0,0.0,10000.0,2023-01-01
CUS_0x12fb_2023_01_01,CUS_0x12fb,2023-01-01,10,0,10000,0.0,0.0,0.0,10000.0,2023-01-01
CUS_0x1325_2023_01_01,CUS_0x1325,2023-01-01,10,0,10000,0.0,0.0,0.0,10000.0,2023-01-01
CUS_0x1341_2023_01_01,CUS_0x1341,2023-01-01,10,0,10000,0.0,0.0,0.0,10000.0,2023-01-01
CUS_0x1375_2023_01_01,CUS_0x1375,2023-01-01,10,0,10000,0.0,0.0,0.0,10000.0,2023-01-01
CUS_0x13a8_2023_01_01,CUS_0x13a8,2023-01-01,10,0,10000,0.0,0.0,0.0,10000.0,2023-01-01
CUS_0x13ef_2023_01_01,CUS_0x13ef,2023-01-01,10,0,10000,0.0,0.0,0.0,10000.0,2023-01-01
CUS_0x1440_2023_01_01,CUS_0x1440,2023-01-01,10,0,10000,0.0,0.0,0.0,10000.0,2023-01-01
CUS_0x1443_2023_01_01,CUS_0x1443,2023-01-01,10,0,10000,0.0,0.0,0.0,10000.0,2023-01-01
CUS_0x145a_2023_01_01,CUS_0x145a,2023-01-01,10,0,10000,0.0,0.0,0.0,10000.0,2023-01-01
CUS_0x1492_2023_01_01,CUS_0x1492,2023-01-01,10,0,10000,0.0,0.0,0.0,10000.0,2023-01-01
CUS_0x153d_2023_01_01,CUS_0x153d,2023-01-01,10,0,10000,0.0,0.0,0.0,10000.0,2023-01-01
CUS_0x1567_2023_01_01,CUS_0x1567,2023-01-01,10,0,10000,0.0,0.0,0.0,10000.0,2023-01-01
CUS_0x15ad_2023_01_01,CUS_0x15ad,2023-01-01,10,0,10000,0.0,0.0,0.0,10000.0,2023-01-01
CUS_0x1630_2023_01_01,CUS_0x1630,2023-01-01,10,0,10000,0.0,0.0,0.0,10000.0,2023-01-01
CUS_0x169c_2023_01_01,CUS_0x169c,2023-01-01,10,0,10000,0.0,0.0,0.0,10000.0,2023-01-01
CUS_0x169d_2023_01_01,CUS_0x169d,2023-01-01,10,0,10000,0.0,0.0,0.0,10000.0,2023-01-01
CUS_0x16f4_2023_01_01,CUS_0x16f4,2023-01-01,10,0,10000,0.0,0.0,0.0,10000.0,2023-01-01
CUS_0x1733_2023_01_01,CUS_0x1733,2023-01-01,10,0,10000,0.0,0.0,0.0,10000.0,2023-01-01
CUS_0x17c7_2023_01_01,CUS_0x17c7,2023-01-01,10,0,10000,0.0,0.0,0.0,10000.0,2023-01-01
CUS_0x181e_2023_01_01,CUS_0x181e,2023-01-01,10,0,10000,0.0,0.0,0.0,10000.0,2023-01-01
CUS_0x181f_2023_01_01,CUS_0x181f,2023-01-01,10,0,10000,0.0,0.0,0.0,10000.0,2023-01-01
CUS_0x182b_2023_01_01,CUS_0x182b,2023-01-01,10,0,10000,0.0,0.0,0.0,10000.0,2023-01-01
CUS_0x18c9_2023_01_01,CUS_0x18c9,2023-01-01,10,0,10000,0.0,0.0,0.0,10000.0,2023-01-01
CUS_0x190e_2023_01_01,CUS_0x190e,2023-01-01,10,0,10000,0.0,0.0,0.0,10000.0,2023-01-01
CUS_0x1920_2023_01_01,CUS_0x1920,2023-01-01,10,0,10000,0.0,0.0,0.0,10000.0,2023-01-01
CUS_0x1960_2023_01_01,CUS_0x1960,2023-01-01,10,0,10000,0.0,0.0,0.0,10000.0,2023-01-01
CUS_0x19ad_2023_01_01,CUS_0x19ad,2023-01-01,10,0,10000,0.0,0.0,0.0,10000.0,2023-01-01
CUS_0x19d1_2023_01_01,CUS_0x19d1,2023-01-01,10,0,10000,0.0,0.0,0.0,10000.0,2023-01-01
CUS_0x19e1_2023_01_01,CUS_0x19e1,2023-01-01,10,0,10000,0.0,0.0,0.0,10000.0,2023-01-01
CUS_0x1a9c_2023_01_01,CUS_0x1a9c,2023-01-01,10,0,10000,0.0,0.0,0.0,10000.0,2023-01-01
CUS_0x1ab3_2023_01_01,CUS_0x1ab3,2023-01-01,10,0,10000,0.0,0.0,0.0,10000.0,2023-01-01
CUS_0x1b42_2023_01_01,CUS_0x1b42,2023-01-01,10,0,10000,0.0,0.0,0.0,10000.0,2023-01-01
CUS_0x1b66_2023_01_01,CUS_0x1b66,2023-01-01,10,0,10000,0.0,0.0,0.0,10000.0,2023-01-01
CUS_0x1bc4_2023_01_01,CUS_0x1bc4,2023-01-01,10,0,10000,0.0,0.0,0.0,10000.0,2023-01-01
CUS_0x1c09_2023_01_01,CUS_0x1c09,2023-01-01,10,0,10000,0.0,0.0,0.0,10000.0,2023-01-01
CUS_0x1c39_2023_01_01,CUS_0x1c39,2023-01-01,10,0,10000,0.0,0.0,0.0,10000.0,2023-01-01
CUS_0x1c9c_2023_01_01,CUS_0x1c9c,2023-01-01,10,0,10000,0.0,0.0,0.0,10000.0,2023-01-01
CUS_0x1dcf_2023_01_01,CUS_0x1dcf,2023-01-01,10,0,10000,0.0,0.0,0.0,10000.0,2023-01-01
CUS_0x1ef5_2023_01_01,CUS_0x1ef5,2023-01-01,10,0,10000,0.0,0.0,0.0,10000.0,2023-01-01
CUS_0x1ff5_2023_01_01,CUS_0x1ff5,2023-01-01,10,0,10000,0.0,0.0,0.0,10000.0,2023-01-01
CUS_0x1ff7_2023_01_01,CUS_0x1ff7,2023-01-01,10,0,10000,0.0,0.0,0.0,10000.0,2023-01-01
CUS_0x205c_2023_01_01,CUS_0x205c,2023-01-01,10,0,10000,0.0,0.0,0.0,10000.0,2023-01-01
CUS_0x210f_2023_01_01,CUS_0x210f,2023-01-01,10,0,10000,0.0,0.0,0.0,10000.0,2023-01-01
CUS_0x21dc_2023_01_01,CUS_0x21dc,2023-01-01,10,0,10000,0.0,0.0,0.0,10000.0,2023-01-01
CUS_0x2274_2023_01_01,CUS_0x2274,2023-01-01,10,0,10000,0.0,0.0,0.0,10000.0,2023-01-01
CUS_0x2297_2023_01_01,CUS_0x2297,2023-01-01,10,0,10000,0.0,0.0,0.0,10000.0,2023-01-01
CUS_0x2375_2023_01_01,CUS_0x2375,2023-01-01,10,0,10000,0.0,0.0,0.0,10000.0,2023-01-01
CUS_0x24a8_2023_01_01,CUS_0x24a8,2023-01-01,10,0,10000,0.0,0.0,0.0,10000.0,2023-01-01
CUS_0x24c3_2023_01_01,CUS_0x24c3,2023-01-01,10,0,10000,0.0,0.0,0.0,10000.0,2023-01-01
CUS_0x24e1_2023_01_01,CUS_0x24e1,2023-01-01,10,0,10000,0.0,0.0,0.0,10000.0,2023-01-01
CUS_0x2513_2023_01_01,CUS_0x2513,2023-01-01,10,0,10000,0.0,0.0,0.0,10000.0,2023-01-01
CUS_0x2552_2023_01_01,CUS_0x2552,2023-01-01,10,0,10000,0.0,0.0,0.0,10000.0,2023-01-01
CUS_0x255d_2023_01_01,CUS_0x255d,2023-01-01,10,0,10000,0.0,0.0,0.0,10000.0,2023-01-01
CUS_0x2598_2023_01_01,CUS_0x2598,2023-01-01,10,0,10000,0.0,0.0,0.0,10000.0,2023-01-01
CUS_0x25cc_2023_01_01,CUS_0x25cc,2023-01-01,10,0,10000,0.0,0.0,0.0,10000.0,2023-01-01
CUS_0x26da_2023_01_01,CUS_0x26da,2023-01-01,10,0,10000,0.0,0.0,0.0,10000.0,2023-01-01
CUS_0x284a_2023_01_01,CUS_0x284a,2023-01-01,10,0,10000,0.0,0.0,0.0,10000.0,2023-01-01
CUS_0x289e_2023_01_01,CUS_0x289e,2023-01-01,10,0,10000,0.0,0.0,0.0,10000.0,2023-01-01
CUS_0x292d_2023_01_01,CUS_0x292d,2023-01-01,10,0,10000,0.0,0.0,0.0,10000.0,2023-01-01
CUS_0x29b1_2023_01_01,CUS_0x29b1,2023-01-01,10,0,10000,0.0,0.0,0.0,10000.0,2023-01-01
CUS_0x2a55_2023_01_01,CUS_0x2a55,2023-01-01,10,0,10000,0.0,0.0,0.0,10000.0,2023-01-01
CUS_0x2a7d_2023_01_01,CUS_0x2a7d,2023-01-01,10,0,10000,0.0,0.0,0.0,10000.0,2023-01-01
CUS_0x2abc_2023_01_01,CUS_0x2abc,2023-01-01,10,0,10000,0.0,0.0,0.0,10000.0,2023-01-01
CUS_0x2ad2_2023_01_01,CUS_0x2ad2,2023-01-01,10,0,10000,0.0,0.0,0.0,10000.0,2023-01-01
CUS_0x2b2d_2023_01_01,CUS_0x2b2d,2023-01-01,10,0,10000,0.0,0.0,0.0,10000.0,2023-01-01
CUS_0x2b83_2023_01_01,CUS_0x2b83,2023-01-01,10,0,10000,0.0,0.0,0.0,10000.0,2023-01-01
CUS_0x2baf_2023_01_01,CUS_0x2baf,2023-01-01,10,0,10000,0.0,0.0,0.0,10000.0,2023-01-01
CUS_0x2bf6_2023_01_01,CUS_0x2bf6,2023-01-01,10,0,10000,0.0,0.0,0.0,10000.0,2023-01-01
CUS_0x2bfa_2023_01_01,CUS_0x2bfa,2023-01-01,10,0,10000,0.0,0.0,0.0,10000.0,2023-01-01
CUS_0x2cae_2023_01_01,CUS_0x2cae,2023-01-01,10,0,10000,0.0,0.0,0.0,10000.0,2023-01-01
CUS_0x2ccc_2023_01_01,CUS_0x2ccc,2023-01-01,10,0,10000,0.0,0.0,0.0,10000.0,2023-01-01
CUS_0x2de0_2023_01_01,CUS_0x2de0,2023-01-01,10,0,10000,0.0,0.0,0.0,10000.0,2023-01-01
CUS_0x2e06_2023_01_01,CUS_0x2e06,2023-01-01,10,0,10000,0.0,0.0,0.0,10000.0,2023-01-01
CUS_0x2e20_2023_01_01,CUS_0x2e20,2023-01-01,10,0,10000,0.0,0.0,0.0,10000.0,2023-01-01
CUS_0x2ea8_2023_01_01,CUS_0x2ea8,2023-01-01,10,0,10000,0.0,0.0,0.0,10000.0,2023-01-01
CUS_0x2f1d_2023_01_01,CUS_0x2f1d,2023-01-01,10,0,10000,0.0,0.0,0.0,10000.0,2023-01-01
CUS_0x2fab_2023_01_01,CUS_0x2fab,2023-01-01,10,0,10000,0.0,0.0,0.0,10000.0,2023-01-01
CUS_0x2fd6_2023_01_01,CUS_0x2fd6,2023-01-01,10,0,10000,0.0,0.0,0.0,10000.0,2023-01-01
CUS_0x30f8_2023_01_01,CUS_0x30f8,2023-01-01,10,0,10000,0.0,0.0,0.0,10000.0,2023-01-01
CUS_0x31e9_2023_01_01,CUS_0x31e9,2023-01-01,10,0,10000,0.0,0.0,0.0,10000.0,2023-01-01
CUS_0x321f_2023_01_01,CUS_0x321f,2023-01-01,10,0,10000,0.0,0.0,0.0,10000.0,2023-01-01
CUS_0x3231_2023_01_01,CUS_0x3231,2023-01-01,10,0,10000,0.0,0.0,0.0,10000.0,2023-01-01
CUS_0x325f_2023_01_01,CUS_0x325f,2023-01-01,10,0,10000,0.0,0.0,0.0,10000.0,2023-01-01
CUS_0x3274_2023_01_01,CUS_0x3274,2023-01-01,10,0,10000,0.0,0.0,0.0,10000.0,2023-01-01
CUS_0x328b_2023_01_01,CUS_0x328b,2023-01-01,10,0,10000,0.0,0.0,0.0,10000.0,2023-01-01
CUS_0x3379_2023_01_01,CUS_0x3379,2023-01-01,10,0,10000,0.0,0.0,0.0,10000.0,2023-01-01
CUS_0x3433_2023_01_01,CUS_0x3433,2023-01-01,10,0,10000,0.0,0.0,0.0,10000.0,2023-01-01
CUS_0x344e_2023_01_01,CUS_0x344e,2023-01-01,10,0,10000,0.0,0.0,0.0,10000.0,2023-01-01
CUS_0x3490_2023_01_01,CUS_0x3490,2023-01-01,10,0,10000,0.0,0.0,0.0,10000.0,2023-01-01
CUS_0x34fa_2023_01_01,CUS_0x34fa,2023-01-01,10,0,10000,0.0,0.0,0.0,10000.0,2023-01-01
CUS_0x3539_2023_01_01,CUS_0x3539,2023-01-01,10,0,10000,0.0,0.0,0.0,10000.0,2023-01-01
CUS_0x354b_2023_01_01,CUS_0x354b,2023-01-01,10,0,10000,0.0,0.0,0.0,10000.0,2023-01-01
CUS_0x355f_2023_01_01,CUS_0x355f,2023-01-01,10,0,10000,0.0,0.0,0.0,10000.0,2023-01-01
CUS_0x356c_2023_01_01,CUS_0x356c,2023-01-01,10,0,10000,0.0,0.0,0.0,10000.0,2023-01-01
CUS_0x3643_2023_01_01,CUS_0x3643,2023-01-01,10,0,10000,0.0,0.0,0.0,10000.0,2023-01-01
CUS_0x36b3_2023_01_01,CUS_0x36b3,2023-01-01,10,0,10000,0.0,0.0,0.0,10000.0,2023-01-01
CUS_0x36f7_2023_01_01,CUS_0x36f7,2023-01-01,10,0,10000,0.0,0.0,0.0,10000.0,2023-01-01
CUS_0x3733_2023_01_01,CUS_0x3733,2023-01-01,10,0,10000,0.0,0.0,0.0,10000.0,2023-01-01
CUS_0x37a1_2023_01_01,CUS_0x37a1,2023-01-01,10,0,10000,0.0,0.0,0.0,10000.0,2023-01-01
CUS_0x37b2_2023_01_01,CUS_0x37b2,2023-01-01,10,0,10000,0.0,0.0,0.0,10000.0,2023-01-01
CUS_0x383d_2023_01_01,CUS_0x383d,2023-01-01,10,0,10000,0.0,0.0,0.0,10000.0,2023-01-01
CUS_0x3873_2023_01_01,CUS_0x3873,2023-01-01,10,0,10000,0.0,0.0,0.0,10000.0,2023-01-01
CUS_0x3906_2023_01_01,CUS_0x3906,2023-01-01,10,0,10000,0.0,0.0,0.0,10000.0,2023-01-01
CUS_0x3928_2023_01_01,CUS_0x3928,2023-01-01,10,0,10000,0.0,0.0,0.0,10000.0,2023-01-01
CUS_0x397b_2023_01_01,CUS_0x397b,2023-01-01,10,0,10000,0.0,0.0,0.0,10000.0,2023-01-01
CUS_0x3a03_2023_01_01,CUS_0x3a03,2023-01-01,10,0,10000,0.0,0.0,0.0,10000.0,2023-01-01
CUS_0x3a3d_2023_01_01,CUS_0x3a3d,2023-01-01,10,0,10000,0.0,0.0,0.0,10000.0,2023-01-01
CUS_0x3a69_2023_01_01,CUS_0x3a69,2023-01-01,10,0,10000,0.0,0.0,0.0,10000.0,2023-01-01
CUS_0x3a82_2023_01_01,CUS_0x3a82,2023-01-01,10,0,10000,0.0,0.0,0.0,10000.0,2023-01-01
CUS_0x3acc_2023_01_01,CUS_0x3acc,2023-01-01,10,0,10000,0.0,0.0,0.0,10000.0,2023-01-01
CUS_0x3adc_2023_01_01,CUS_0x3adc,2023-01-01,10,0,10000,0.0,0.0,0.0,10000.0,2023-01-01
CUS_0x3af5_2023_01_01,CUS_0x3af5,2023-01-01,10,0,10000,0.0,0.0,0.0,10000.0,2023-01-01
CUS_0x3b10_2023_01_01,CUS_0x3b10,2023-01-01,10,0,10000,0.0,0.0,0.0,10000.0,2023-01-01
CUS_0x3b22_2023_01_01,CUS_0x3b22,2023-01-01,10,0,10000,0.0,0.0,0.0,10000.0,2023-01-01
CUS_0x3b2a_2023_01_01,CUS_0x3b2a,2023-01-01,10,0,10000,0.0,0.0,0.0,10000.0,2023-01-01
CUS_0x3b6e_2023_01_01,CUS_0x3b6e,2023-01-01,10,0,10000,0.0,0.0,0.0,10000.0,2023-01-01
CUS_0x3bc3_2023_01_01,CUS_0x3bc3,2023-01-01,10,0,10000,0.0,0.0,0.0,10000.0,2023-01-01
CUS_0x3bc6_2023_01_01,CUS_0x3bc6,2023-01-01,10,0,10000,0.0,0.0,0.0,10000.0,2023-01-01
CUS_0x3bd0_2023_01_01,CUS_0x3bd0,2023-01-01,10,0,10000,0.0,0.0,0.0,10000.0,2023-01-01
CUS_0x3bde_2023_01_01,CUS_0x3bde,2023-01-01,10,0,10000,0.0,0.0,0.0,10000.0,2023-01-01
CUS_0x3bf5_2023_01_01,CUS_0x3bf5,2023-01-01,10,0,10000,0.0,0.0,0.0,10000.0,2023-01-01
CUS_0x3ccd_2023_01_01,CUS_0x3ccd,2023-01-01,10,0,10000,0.0,0.0,0.0,10000.0,2023-01-01
CUS_0x3cea_2023_01_01,CUS_0x3cea,2023-01-01,10,0,10000,0.0,0.0,0.0,10000.0,2023-01-01
CUS_0x3cfc_2023_01_01,CUS_0x3cfc,2023-01-01,10,0,10000,0.0,0.0,0.0,10000.0,2023-01-01
CUS_0x3d6c_2023_01_01,CUS_0x3d6c,2023-01-01,10,0,10000,0.0,0.0,0.0,10000.0,2023-01-01
CUS_0x3e2d_2023_01_01,CUS_0x3e2d,2023-01-01,10,0,10000,0.0,0.0,0.0,10000.0,2023-01-01
CUS_0x3e54_2023_01_01,CUS_0x3e54,2023-01-01,10,0,10000,0.0,0.0,0.0,10000.0,2023-01-01
CUS_0x3e6d_2023_01_01,CUS_0x3e6d,2023-01-01,10,0,10000,0.0,0.0,0.0,10000.0,2023-01-01
CUS_0x3e73_2023_01_01,CUS_0x3e73,2023-01-01,10,0,10000,0.0,0.0,0.0,10000.0,2023-01-01
CUS_0x3e9c_2023_01_01,CUS_0x3e9c,2023-01-01,10,0,10000,0.0,0.0,0.0,10000.0,2023-01-01
CUS_0x3ee7_2023_01_01,CUS_0x3ee7,2023-01-01,10,0,10000,0.0,0.0,0.0,10000.0,2023-01-01
CUS_0x3f63_2023_01_01,CUS_0x3f63,2023-01-01,10,0,10000,0.0,0.0,0.0,10000.0,2023-01-01
CUS_0x3fc3_2023_01_01,CUS_0x3fc3,2023-01-01,10,0,10000,0.0,0.0,0.0,10000.0,2023-01-01
CUS_0x3fd9_2023_01_01,CUS_0x3fd9,2023-01-01,10,0,10000,0.0,0.0,0.0,10000.0,2023-01-01
CUS_0x401c_2023_01_01,CUS_0x401c,2023-01-01,10,0,10000,0.0,0.0,0.0,10000.0,2023-01-01
CUS_0x4096_2023_01_01,CUS_0x4096,2023-01-01,10,0,10000,0.0,0.0,0.0,10000.0,2023-01-01
CUS_0x40c5_2023_01_01,CUS_0x40c5,2023-01-01,10,0,10000,0.0,0.0,0.0,10000.0,2023-01-01
CUS_0x40d0_2023_01_01,CUS_0x40d0,2023-01-01,10,0,10000,0.0,0.0,0.0,10000.0,2023-01-01
CUS_0x4131_2023_01_01,CUS_0x4131,2023-01-01,10,0,10000,0.0,0.0,0.0,10000.0,2023-01-01
CUS_0x416f_2023_01_01,CUS_0x416f,2023-01-01,10,0,10000,0.0,0.0,0.0,10000.0,2023-01-01
CUS_0x41b7_2023_01_01,CUS_0x41b7,2023-01-01,10,0,10000,0.0,0.0,0.0,10000.0,2023-01-01
CUS_0x41c_2023_01_01,CUS_0x41c,2023-01-01,10,0,10000,0.0,0.0,0.0,10000.0,2023-01-01
CUS_0x41f2_2023_01_01,CUS_0x41f2,2023-01-01,10,0,10000,0.0,0.0,0.0,10000.0,2023-01-01
CUS_0x424_2023_01_01,CUS_0x424,2023-01-01,10,0,10000,0.0,0.0,0.0,10000.0,2023-01-01
CUS_0x4271_2023_01_01,CUS_0x4271,2023-01-01,10,0,10000,0.0,0.0,0.0,10000.0,2023-01-01
CUS_0x42c6_2023_01_01,CUS_0x42c6,2023-01-01,10,0,10000,0.0,0.0,0.0,10000.0,2023-01-01
CUS_0x4322_2023_01_01,CUS_0x4322,2023-01-01,10,0,10000,0.0,0.0,0.0,10000.0,2023-01-01
CUS_0x4327_2023_01_01,CUS_0x4327,2023-01-01,10,0,10000,0.0,0.0,0.0,10000.0,2023-01-01
CUS_0x4340_2023_01_01,CUS_0x4340,2023-01-01,10,0,10000,0.0,0.0,0.0,10000.0,2023-01-01
CUS_0x436f_2023_01_01,CUS_0x436f,2023-01-01,10,0,10000,0.0,0.0,0.0,10000.0,2023-01-01
CUS_0x438a_2023_01_01,CUS_0x438a,2023-01-01,10,0,10000,0.0,0.0,0.0,10000.0,2023-01-01
CUS_0x4395_2023_01_01,CUS_0x4395,2023-01-01,10,0,10000,0.0,0.0,0.0,10000.0,2023-01-01
CUS_0x43c5_2023_01_01,CUS_0x43c5,2023-01-01,10,0,10000,0.0,0.0,0.0,10000.0,2023-01-01
CUS_0x43f8_2023_01_01,CUS_0x43f8,2023-01-01,10,0,10000,0.0,0.0,0.0,10000.0,2023-01-01
CUS_0x4410_2023_01_01,CUS_0x4410,2023-01-01,10,0,10000,0.0,0.0,0.0,10000.0,2023-01-01
CUS_0x4464_2023_01_01,CUS_0x4464,2023-01-01,10,0,10000,0.0,0.0,0.0,10000.0,2023-01-01
CUS_0x4472_2023_01_01,CUS_0x4472,2023-01-01,10,0,10000,0.0,0.0,0.0,10000.0,2023-01-01
CUS_0x44d5_2023_01_01,CUS_0x44d5,2023-01-01,10,0,10000,0.0,0.0,0.0,10000.0,2023-01-01
CUS_0x44e0_2023_01_01,CUS_0x44e0,2023-01-01,10,0,10000,0.0,0.0,0.0,10000.0,2023-01-01
CUS_0x4596_2023_01_01,CUS_0x4596,2023-01-01,10,0,10000,0.0,0.0,0.0,10000.0,2023-01-01
CUS_0x4662_2023_01_01,CUS_0x4662,2023-01-01,10,0,10000,0.0,0.0,0.0,10000.0,2023-01-01
CUS_0x4671_2023_01_01,CUS_0x4671,2023-01-01,10,0,10000,0.0,0.0,0.0,10000.0,2023-01-01
CUS_0x4674_2023_01_01,CUS_0x4674,2023-01-01,10,0,10000,0.0,0.0,0.0,10000.0,2023-01-01
CUS_0x4688_2023_01_01,CUS_0x4688,2023-01-01,10,0,10000,0.0,0.0,0.0,10000.0,2023-01-01
CUS_0x472b_2023_01_01,CUS_0x472b,2023-01-01,10,0,10000,0.0,0.0,0.0,10000.0,2023-01-01
CUS_0x474_2023_01_01,CUS_0x474,2023-01-01,10,0,10000,0.0,0.0,0.0,10000.0,2023-01-01
CUS_0x47a5_2023_01_01,CUS_0x47a5,2023-01-01,10,0,10000,0.0,0.0,0.0,10000.0,2023-01-01
CUS_0x47c0_2023_01_01,CUS_0x47c0,2023-01-01,10,0,10000,0.0,0.0,0.0,10000.0,2023-01-01
CUS_0x480c_2023_01_01,CUS_0x480c,2023-01-01,10,0,10000,0.0,0.0,0.0,10000.0,2023-01-01
CUS_0x4854_2023_01_01,CUS_0x4854,2023-01-01,10,0,10000,0.0,0.0,0.0,10000.0,2023-01-01
CUS_0x4881_2023_01_01,CUS_0x4881,2023-01-01,10,0,10000,0.0,0.0,0.0,10000.0,2023-01-01
CUS_0x48ae_2023_01_01,CUS_0x48ae,2023-01-01,10,0,10000,0.0,0.0,0.0,10000.0,2023-01-01
CUS_0x4939_2023_01_01,CUS_0x4939,2023-01-01,10,0,10000,0.0,0.0,0.0,10000.0,2023-01-01
CUS_0x4943_2023_01_01,CUS_0x4943,2023-01-01,10,0,10000,0.0,0.0,0.0,10000.0,2023-01-01
CUS_0x4a0b_2023_01_01,CUS_0x4a0b,2023-01-01,10,0,10000,0.0,0.0,0.0,10000.0,2023-01-01
CUS_0x4a24_2023_01_01,CUS_0x4a24,2023-01-01,10,0,10000,0.0,0.0,0.0,10000.0,2023-01-01
CUS_0x4a3f_2023_01_01,CUS_0x4a3f,2023-01-01,10,0,10000,0.0,0.0,0.0,10000.0,2023-01-01
CUS_0x4a43_2023_01_01,CUS_0x4a43,2023-01-01,10,0,10000,0.0,0.0,0.0,10000.0,2023-01-01
CUS_0x4a94_2023_01_01,CUS_0x4a94,2023-01-01,10,0,10000,0.0,0.0,0.0,10000.0,2023-01-01
CUS_0x4b40_2023_01_01,CUS_0x4b40,2023-01-01,10,0,10000,0.0,0.0,0.0,10000.0,2023-01-01
CUS_0x4b64_2023_01_01,CUS_0x4b64,2023-01-01,10,0,10000,0.0,0.0,0.0,10000.0,2023-01-01
CUS_0x4be2_2023_01_01,CUS_0x4be2,2023-01-01,10,0,10000,0.0,0.0,0.0,10000.0,2023-01-01
CUS_0x4bfc_2023_01_01,CUS_0x4bfc,2023-01-01,10,0,10000,0.0,0.0,0.0,10000.0,2023-01-01
CUS_0x4c29_2023_01_01,CUS_0x4c29,2023-01-01,10,0,10000,0.0,0.0,0.0,10000.0,2023-01-01
CUS_0x4c71_2023_01_01,CUS_0x4c71,2023-01-01,10,0,10000,0.0,0.0,0.0,10000.0,2023-01-01
CUS_0x4cdd_2023_01_01,CUS_0x4cdd,2023-01-01,10,0,10000,0.0,0.0,0.0,10000.0,2023-01-01
CUS_0x4cf6_2023_01_01,CUS_0x4cf6,2023-01-01,10,0,10000,0.0,0.0,0.0,10000.0,2023-01-01
CUS_0x4d05_2023_01_01,CUS_0x4d05,2023-01-01,10,0,10000,0.0,0.0,0.0,10000.0,2023-01-01
CUS_0x4d41_2023_01_01,CUS_0x4d41,2023-01-01,10,0,10000,0.0,0.0,0.0,10000.0,2023-01-01
CUS_0x4dc9_2023_01_01,CUS_0x4dc9,2023-01-01,10,0,10000,0.0,0.0,0.0,10000.0,2023-01-01
CUS_0x4ddc_2023_01_01,CUS_0x4ddc,2023-01-01,10,0,10000,0.0,0.0,0.0,10000.0,2023-01-01
CUS_0x4ddf_2023_01_01,CUS_0x4ddf,2023-01-01,10,0,10000,0.0,0.0,0.0,10000.0,2023-01-01
CUS_0x50f7_2023_01_01,CUS_0x50f7,2023-01-01,10,0,10000,0.0,0.0,0.0,10000.0,2023-01-01
CUS_0x5111_2023_01_01,CUS_0x5111,2023-01-01,10,0,10000,0.0,0.0,0.0,10000.0,2023-01-01
CUS_0x5158_2023_01_01,CUS_0x5158,2023-01-01,10,0,10000,0.0,0.0,0.0,10000.0,2023-01-01
CUS_0x51b3_2023_01_01,CUS_0x51b3,2023-01-01,10,0,10000,0.0,0.0,0.0,10000.0,2023-01-01
CUS_0x51c9_2023_01_01,CUS_0x51c9,2023-01-01,10,0,10000,0.0,0.0,0.0,10000.0,2023-01-01
CUS_0x51e_2023_01_01,CUS_0x51e,2023-01-01,10,0,10000,0.0,0.0,0.0,10000.0,2023-01-01
CUS_0x51e7_2023_01_01,CUS_0x51e7,2023-01-01,10,0,10000,0.0,0.0,0.0,10000.0,2023-01-01
CUS_0x5225_2023_01_01,CUS_0x5225,2023-01-01,10,0,10000,0.0,0.0,0.0,10000.0,2023-01-01
CUS_0x522d_2023_01_01,CUS_0x522d,2023-01-01,10,0,10000,0.0,0.0,0.0,10000.0,2023-01-01
CUS_0x527f_2023_01_01,CUS_0x527f,2023-01-01,10,0,10000,0.0,0.0,0.0,10000.0,2023-01-01
CUS_0x52a5_2023_01_01,CUS_0x52a5,2023-01-01,10,0,10000,0.0,0.0,0.0,10000.0,2023-01-01
CUS_0x52aa_2023_01_01,CUS_0x52aa,2023-01-01,10,0,10000,0.0,0.0,0.0,10000.0,2023-01-01
CUS_0x537_2023_01_01,CUS_0x537,2023-01-01,10,0,10000,0.0,0.0,0.0,10000.0,2023-01-01
CUS_0x53f4_2023_01_01,CUS_0x53f4,2023-01-01,10,0,10000,0.0,0.0,0.0,10000.0,2023-01-01
CUS_0x540f_2023_01_01,CUS_0x540f,2023-01-01,10,0,10000,0.0,0.0,0.0,10000.0,2023-01-01
CUS_0x541a_2023_01_01,CUS_0x541a,2023-01-01,10,0,10000,0.0,0.0,0.0,10000.0,2023-01-01
CUS_0x54d4_2023_01_01,CUS_0x54d4,2023-01-01,10,0,10000,0.0,0.0,0.0,10000.0,2023-01-01
CUS_0x5505_2023_01_01,CUS_0x5505,2023-01-01,10,0,10000,0.0,0.0,0.0,10000.0,2023-01-01
CUS_0x5525_2023_01_01,CUS_0x5525,2023-01-01,10,0,10000,0.0,0.0,0.0,10000.0,2023-01-01
CUS_0x553e_2023_01_01,CUS_0x553e,2023-01-01,10,0,10000,0.0,0.0,0.0,10000.0,2023-01-01
CUS_0x55f0_2023_01_01,CUS_0x55f0,2023-01-01,10,0,10000,0.0,0.0,0.0,10000.0,2023-01-01
CUS_0x565d_2023_01_01,CUS_0x565d,2023-01-01,10,0,10000,0.0,0.0,0.0,10000.0,2023-01-01
CUS_0x56f1_2023_01_01,CUS_0x56f1,2023-01-01,10,0,10000,0.0,0.0,0.0,10000.0,2023-01-01
CUS_0x5849_2023_01_01,CUS_0x5849,2023-01-01,10,0,10000,0.0,0.0,0.0,10000.0,2023-01-01
CUS_0x5877_2023_01_01,CUS_0x5877,2023-01-01,10,0,10000,0.0,0.0,0.0,10000.0,2023-01-01
CUS_0x58bf_2023_01_01,CUS_0x58bf,2023-01-01,10,0,10000,0.0,0.0,0.0,10000.0,2023-01-01
CUS_0x5999_2023_01_01,CUS_0x5999,2023-01-01,10,0,10000,0.0,0.0,0.0,10000.0,2023-01-01
CUS_0x59d0_2023_01_01,CUS_0x59d0,2023-01-01,10,0,10000,0.0,0.0,0.0,10000.0,2023-01-01
CUS_0x5a3d_2023_01_01,CUS_0x5a3d,2023-01-01,10,0,10000,0.0,0.0,0.0,10000.0,2023-01-01
CUS_0x5ae6_2023_01_01,CUS_0x5ae6,2023-01-01,10,0,10000,0.0,0.0,0.0,10000.0,2023-01-01
CUS_0x5bce_2023_01_01,CUS_0x5bce,2023-01-01,10,0,10000,0.0,0.0,0.0,10000.0,2023-01-01
CUS_0x5c9f_2023_01_01,CUS_0x5c9f,2023-01-01,10,0,10000,0.0,0.0,0.0,10000.0,2023-01-01
CUS_0x5ebe_2023_01_01,CUS_0x5ebe,2023-01-01,10,0,10000,0.0,0.0,0.0,10000.0,2023-01-01
CUS_0x5f02_2023_01_01,CUS_0x5f02,2023-01-01,10,0,10000,0.0,0.0,0.0,10000.0,2023-01-01
CUS_0x5f10_2023_01_01,CUS_0x5f10,2023-01-01,10,0,10000,0.0,0.0,0.0,10000.0,2023-01-01
CUS_0x5f30_2023_01_01,CUS_0x5f30,2023-01-01,10,0,10000,0.0,0.0,0.0,10000.0,2023-01-01
CUS_0x5f55_2023_01_01,CUS_0x5f55,2023-01-01,10,0,10000,0.0,0.0,0.0,10000.0,2023-01-01
CUS_0x5fe9_2023_01_01,CUS_0x5fe9,2023-01-01,10,0,10000,0.0,0.0,0.0,10000.0,2023-01-01
CUS_0x6034_2023_01_01,CUS_0x6034,2023-01-01,10,0,10000,0.0,0.0,0.0,10000.0,2023-01-01
CUS_0x6070_2023_01_01,CUS_0x6070,2023-01-01,10,0,10000,0.0,0.0,0.0,10000.0,2023-01-01
CUS_0x6120_2023_01_01,CUS_0x6120,2023-01-01,10,0,10000,0.0,0.0,0.0,10000.0,2023-01-01
CUS_0x61de_2023_01_01,CUS_0x61de,2023-01-01,10,0,10000,0.0,0.0,0.0,10000.0,2023-01-01
CUS_0x627a_2023_01_01,CUS_0x627a,2023-01-01,10,0,10000,0.0,0.0,0.0,10000.0,2023-01-01
CUS_0x635a_2023_01_01,CUS_0x635a,2023-01-01,10,0,10000,0.0,0.0,0.0,10000.0,2023-01-01
CUS_0x636d_2023_01_01,CUS_0x636d,2023-01-01,10,0,10000,0.0,0.0,0.0,10000.0,2023-01-01
CUS_0x63d_2023_01_01,CUS_0x63d,2023-01-01,10,0,10000,0.0,0.0,0.0,10000.0,2023-01-01
CUS_0x63d8_2023_01_01,CUS_0x63d8,2023-01-01,10,0,10000,0.0,0.0,0.0,10000.0,2023-01-01
CUS_0x6442_2023_01_01,CUS_0x6442,2023-01-01,10,0,10000,0.0,0.0,0.0,10000.0,2023-01-01
CUS_0x64b8_2023_01_01,CUS_0x64b8,2023-01-01,10,0,10000,0.0,0.0,0.0,10000.0,2023-01-01
CUS_0x6587_2023_01_01,CUS_0x6587,2023-01-01,10,0,10000,0.0,0.0,0.0,10000.0,2023-01-01
CUS_0x658e_2023_01_01,CUS_0x658e,2023-01-01,10,0,10000,0.0,0.0,0.0,10000.0,2023-01-01
CUS_0x65bf_2023_01_01,CUS_0x65bf,2023-01-01,10,0,10000,0.0,0.0,0.0,10000.0,2023-01-01
CUS_0x6694_2023_01_01,CUS_0x6694,2023-01-01,10,0,10000,0.0,0.0,0.0,10000.0,2023-01-01
CUS_0x6701_2023_01_01,CUS_0x6701,2023-01-01,10,0,10000,0.0,0.0,0.0,10000.0,2023-01-01
CUS_0x6752_2023_01_01,CUS_0x6752,2023-01-01,10,0,10000,0.0,0.0,0.0,10000.0,2023-01-01
CUS_0x67e4_2023_01_01,CUS_0x67e4,2023-01-01,10,0,10000,0.0,0.0,0.0,10000.0,2023-01-01
CUS_0x6850_2023_01_01,CUS_0x6850,2023-01-01,10,0,10000,0.0,0.0,0.0,10000.0,2023-01-01
CUS_0x689b_2023_01_01,CUS_0x689b,2023-01-01,10,0,10000,0.0,0.0,0.0,10000.0,2023-01-01
CUS_0x6915_2023_01_01,CUS_0x6915,2023-01-01,10,0,10000,0.0,0.0,0.0,10000.0,2023-01-01
CUS_0x695c_2023_01_01,CUS_0x695c,2023-01-01,10,0,10000,0.0,0.0,0.0,10000.0,2023-01-01
CUS_0x697d_2023_01_01,CUS_0x697d,2023-01-01,10,0,10000,0.0,0.0,0.0,10000.0,2023-01-01
CUS_0x699_2023_01_01,CUS_0x699,2023-01-01,10,0,10000,0.0,0.0,0.0,10000.0,2023-01-01
CUS_0x69be_2023_01_01,CUS_0x69be,2023-01-01,10,0,10000,0.0,0.0,0.0,10000.0,2023-01-01
CUS_0x69ff_2023_01_01,CUS_0x69ff,2023-01-01,10,0,10000,0.0,0.0,0.0,10000.0,2023-01-01
CUS_0x6a8a_2023_01_01,CUS_0x6a8a,2023-01-01,10,0,10000,0.0,0.0,0.0,10000.0,2023-01-01
CUS_0x6ab3_2023_01_01,CUS_0x6ab3,2023-01-01,10,0,10000,0.0,0.0,0.0,10000.0,2023-01-01
CUS_0x6b1d_2023_01_01,CUS_0x6b1d,2023-01-01,10,0,10000,0.0,0.0,0.0,10000.0,2023-01-01
CUS_0x6b52_2023_01_01,CUS_0x6b52,2023-01-01,10,0,10000,0.0,0.0,0.0,10000.0,2023-01-01
CUS_0x6d05_2023_01_01,CUS_0x6d05,2023-01-01,10,0,10000,0.0,0.0,0.0,10000.0,2023-01-01
CUS_0x6d4_2023_01_01,CUS_0x6d4,2023-01-01,10,0,10000,0.0,0.0,0.0,10000.0,2023-01-01
CUS_0x6ee_2023_01_01,CUS_0x6ee,2023-01-01,10,0,10000,0.0,0.0,0.0,10000.0,2023-01-01
CUS_0x6f11_2023_01_01,CUS_0x6f11,2023-01-01,10,0,10000,0.0,0.0,0.0,10000.0,2023-01-01
CUS_0x6f4a_2023_01_01,CUS_0x6f4a,2023-01-01,10,0,10000,0.0,0.0,0.0,10000.0,2023-01-01
CUS_0x6f5d_2023_01_01,CUS_0x6f5d,2023-01-01,10,0,10000,0.0,0.0,0.0,10000.0,2023-01-01
CUS_0x6f95_2023_01_01,CUS_0x6f95,2023-01-01,10,0,10000,0.0,0.0,0.0,10000.0,2023-01-01
CUS_0x6fea_2023_01_01,CUS_0x6fea,2023-01-01,10,0,10000,0.0,0.0,0.0,10000.0,2023-01-01
CUS_0x6ffb_2023_01_01,CUS_0x6ffb,2023-01-01,10,0,10000,0.0,0.0,0.0,10000.0,2023-01-01
CUS_0x703f_2023_01_01,CUS_0x703f,2023-01-01,10,0,10000,0.0,0.0,0.0,10000.0,2023-01-01
CUS_0x707d_2023_01_01,CUS_0x707d,2023-01-01,10,0,10000,0.0,0.0,0.0,10000.0,2023-01-01
CUS_0x710b_2023_01_01,CUS_0x710b,2023-01-01,10,0,10000,0.0,0.0,0.0,10000.0,2023-01-01
CUS_0x71a0_2023_01_01,CUS_0x71a0,2023-01-01,10,0,10000,0.0,0.0,0.0,10000.0,2023-01-01
CUS_0x7266_2023_01_01,CUS_0x7266,2023-01-01,10,0,10000,0.0,0.0,0.0,10000.0,2023-01-01
CUS_0x7373_2023_01_01,CUS_0x7373,2023-01-01,10,0,10000,0.0,0.0,0.0,10000.0,2023-01-01
CUS_0x738f_2023_01_01,CUS_0x738f,2023-01-01,10,0,10000,0.0,0.0,0.0,10000.0,2023-01-01
CUS_0x7418_2023_01_01,CUS_0x7418,2023-01-01,10,0,10000,0.0,0.0,0.0,10000.0,2023-01-01
CUS_0x752c_2023_01_01,CUS_0x752c,2023-01-01,10,0,10000,0.0,0.0,0.0,10000.0,2023-01-01
CUS_0x752f_2023_01_01,CUS_0x752f,2023-01-01,10,0,10000,0.0,0.0,0.0,10000.0,2023-01-01
CUS_0x7580_2023_01_01,CUS_0x7580,2023-01-01,10,0,10000,0.0,0.0,0.0,10000.0,2023-01-01
CUS_0x758e_2023_01_01,CUS_0x758e,2023-01-01,10,0,10000,0.0,0.0,0.0,10000.0,2023-01-01
CUS_0x75e_2023_01_01,CUS_0x75e,2023-01-01,10,0,10000,0.0,0.0,0.0,10000.0,2023-01-01
CUS_0x773_2023_01_01,CUS_0x773,2023-01-01,10,0,10000,0.0,0.0,0.0,10000.0,2023-01-01
CUS_0x775a_2023_01_01,CUS_0x775a,2023-01-01,10,0,10000,0.0,0.0,0.0,10000.0,2023-01-01
CUS_0x77e2_2023_01_01,CUS_0x77e2,2023-01-01,10,0,10000,0.0,0.0,0.0,10000.0,2023-01-01
CUS_0x7872_2023_01_01,CUS_0x7872,2023-01-01,10,0,10000,0.0,0.0,0.0,10000.0,2023-01-01
CUS_0x7877_2023_01_01,CUS_0x7877,2023-01-01,10,0,10000,0.0,0.0,0.0,10000.0,2023-01-01
CUS_0x78a7_2023_01_01,CUS_0x78a7,2023-01-01,10,0,10000,0.0,0.0,0.0,10000.0,2023-01-01
CUS_0x7910_2023_01_01,CUS_0x7910,2023-01-01,10,0,10000,0.0,0.0,0.0,10000.0,2023-01-01
CUS_0x79aa_2023_01_01,CUS_0x79aa,2023-01-01,10,0,10000,0.0,0.0,0.0,10000.0,2023-01-01
CUS_0x79ac_2023_01_01,CUS_0x79ac,2023-01-01,10,0,10000,0.0,0.0,0.0,10000.0,2023-01-01
CUS_0x79cf_2023_01_01,CUS_0x79cf,2023-01-01,10,0,10000,0.0,0.0,0.0,10000.0,2023-01-01
CUS_0x79ff_2023_01_01,CUS_0x79ff,2023-01-01,10,0,10000,0.0,0.0,0.0,10000.0,2023-01-01
CUS_0x7a2d_2023_01_01,CUS_0x7a2d,2023-01-01,10,0,10000,0.0,0.0,0.0,10000.0,2023-01-01
CUS_0x7a77_2023_01_01,CUS_0x7a77,2023-01-01,10,0,10000,0.0,0.0,0.0,10000.0,2023-01-01
CUS_0x7a84_2023_01_01,CUS_0x7a84,2023-01-01,10,0,10000,0.0,0.0,0.0,10000.0,2023-01-01
CUS_0x7b31_2023_01_01,CUS_0x7b31,2023-01-01,10,0,10000,0.0,0.0,0.0,10000.0,2023-01-01
CUS_0x7b52_2023_01_01,CUS_0x7b52,2023-01-01,10,0,10000,0.0,0.0,0.0,10000.0,2023-01-01
CUS_0x7b90_2023_01_01,CUS_0x7b90,2023-01-01,10,0,10000,0.0,0.0,0.0,10000.0,2023-01-01
CUS_0x7bda_2023_01_01,CUS_0x7bda,2023-01-01,10,0,10000,0.0,0.0,0.0,10000.0,2023-01-01
CUS_0x7c00_2023_01_01,CUS_0x7c00,2023-01-01,10,0,10000,0.0,0.0,0.0,10000.0,2023-01-01
CUS_0x7c01_2023_01_01,CUS_0x7c01,2023-01-01,10,0,10000,0.0,0.0,0.0,10000.0,2023-01-01
CUS_0x7c13_2023_01_01,CUS_0x7c13,2023-01-01,10,0,10000,0.0,0.0,0.0,10000.0,2023-01-01
CUS_0x7c2f_2023_01_01,CUS_0x7c2f,2023-01-01,10,0,10000,0.0,0.0,0.0,10000.0,2023-01-01
CUS_0x7c58_2023_01_01,CUS_0x7c58,2023-01-01,10,0,10000,0.0,0.0,0.0,10000.0,2023-01-01
CUS_0x7c64_2023_01_01,CUS_0x7c64,2023-01-01,10,0,10000,0.0,0.0,0.0,10000.0,2023-01-01
CUS_0x7c66_2023_01_01,CUS_0x7c66,2023-01-01,10,0,10000,0.0,0.0,0.0,10000.0,2023-01-01
CUS_0x7cb9_2023_01_01,CUS_0x7cb9,2023-01-01,10,0,10000,0.0,0.0,0.0,10000.0,2023-01-01
CUS_0x7cfc_2023_01_01,CUS_0x7cfc,2023-01-01,10,0,10000,0.0,0.0,0.0,10000.0,2023-01-01
CUS_0x7dfb_2023_01_01,CUS_0x7dfb,2023-01-01,10,0,10000,0.0,0.0,0.0,10000.0,2023-01-01
CUS_0x7fc3_2023_01_01,CUS_0x7fc3,2023-01-01,10,0,10000,0.0,0.0,0.0,10000.0,2023-01-01
CUS_0x7fe2_2023_01_01,CUS_0x7fe2,2023-01-01,10,0,10000,0.0,0.0,0.0,10000.0,2023-01-01
CUS_0x8031_2023_01_01,CUS_0x8031,2023-01-01,10,0,10000,0.0,0.0,0.0,10000.0,2023-01-01
CUS_0x8034_2023_01_01,CUS_0x8034,2023-01-01,10,0,10000,0.0,0.0,0.0,10000.0,2023-01-01
CUS_0x8065_2023_01_01,CUS_0x8065,2023-01-01,10,0,10000,0.0,0.0,0.0,10000.0,2023-01-01
CUS_0x8171_2023_01_01,CUS_0x8171,2023-01-01,10,0,10000,0.0,0.0,0.0,10000.0,2023-01-01
CUS_0x81e6_2023_01_01,CUS_0x81e6,2023-01-01,10,0,10000,0.0,0.0,0.0,10000.0,2023-01-01
CUS_0x8207_2023_01_01,CUS_0x8207,2023-01-01,10,0,10000,0.0,0.0,0.0,10000.0,2023-01-01
CUS_0x82a7_2023_01_01,CUS_0x82a7,2023-01-01,10,0,10000,0.0,0.0,0.0,10000.0,2023-01-01
CUS_0x832d_2023_01_01,CUS_0x832d,2023-01-01,10,0,10000,0.0,0.0,0.0,10000.0,2023-01-01
CUS_0x8370_2023_01_01,CUS_0x8370,2023-01-01,10,0,10000,0.0,0.0,0.0,10000.0,2023-01-01
CUS_0x8376_2023_01_01,CUS_0x8376,2023-01-01,10,0,10000,0.0,0.0,0.0,10000.0,2023-01-01
CUS_0x846a_2023_01_01,CUS_0x846a,2023-01-01,10,0,10000,0.0,0.0,0.0,10000.0,2023-01-01
CUS_0x84a0_2023_01_01,CUS_0x84a0,2023-01-01,10,0,10000,0.0,0.0,0.0,10000.0,2023-01-01
CUS_0x8546_2023_01_01,CUS_0x8546,2023-01-01,10,0,10000,0.0,0.0,0.0,10000.0,2023-01-01
CUS_0x859d_2023_01_01,CUS_0x859d,2023-01-01,10,0,10000,0.0,0.0,0.0,10000.0,2023-01-01
CUS_0x8658_2023_01_01,CUS_0x8658,2023-01-01,10,0,10000,0.0,0.0,0.0,10000.0,2023-01-01
CUS_0x86be_2023_01_01,CUS_0x86be,2023-01-01,10,0,10000,0.0,0.0,0.0,10000.0,2023-01-01
CUS_0x86c7_2023_01_01,CUS_0x86c7,2023-01-01,10,0,10000,0.0,0.0,0.0,10000.0,2023-01-01
CUS_0x86ed_2023_01_01,CUS_0x86ed,2023-01-01,10,0,10000,0.0,0.0,0.0,10000.0,2023-01-01
CUS_0x8704_2023_01_01,CUS_0x8704,2023-01-01,10,0,10000,0.0,0.0,0.0,10000.0,2023-01-01
CUS_0x873b_2023_01_01,CUS_0x873b,2023-01-01,10,0,10000,0.0,0.0,0.0,10000.0,2023-01-01
CUS_0x87fa_2023_01_01,CUS_0x87fa,2023-01-01,10,0,10000,0.0,0.0,0.0,10000.0,2023-01-01
CUS_0x887f_2023_01_01,CUS_0x887f,2023-01-01,10,0,10000,0.0,0.0,0.0,10000.0,2023-01-01
CUS_0x8919_2023_01_01,CUS_0x8919,2023-01-01,10,0,10000,0.0,0.0,0.0,10000.0,2023-01-01
CUS_0x891b_2023_01_01,CUS_0x891b,2023-01-01,10,0,10000,0.0,0.0,0.0,10000.0,2023-01-01
CUS_0x893e_2023_01_01,CUS_0x893e,2023-01-01,10,0,10000,0.0,0.0,0.0,10000.0,2023-01-01
CUS_0x8956_2023_01_01,CUS_0x8956,2023-01-01,10,0,10000,0.0,0.0,0.0,10000.0,2023-01-01
CUS_0x8983_2023_01_01,CUS_0x8983,2023-01-01,10,0,10000,0.0,0.0,0.0,10000.0,2023-01-01
CUS_0x89a_2023_01_01,CUS_0x89a,2023-01-01,10,0,10000,0.0,0.0,0.0,10000.0,2023-01-01
CUS_0x89ca_2023_01_01,CUS_0x89ca,2023-01-01,10,0,10000,0.0,0.0,0.0,10000.0,2023-01-01
CUS_0x89d3_2023_01_01,CUS_0x89d3,2023-01-01,10,0,10000,0.0,0.0,0.0,10000.0,2023-01-01
CUS_0x8a3c_2023_01_01,CUS_0x8a3c,2023-01-01,10,0,10000,0.0,0.0,0.0,10000.0,2023-01-01
CUS_0x8a44_2023_01_01,CUS_0x8a44,2023-01-01,10,0,10000,0.0,0.0,0.0,10000.0,2023-01-01
CUS_0x8a6e_2023_01_01,CUS_0x8a6e,2023-01-01,10,0,10000,0.0,0.0,0.0,10000.0,2023-01-01
CUS_0x8af8_2023_01_01,CUS_0x8af8,2023-01-01,10,0,10000,0.0,0.0,0.0,10000.0,2023-01-01
CUS_0x8b1_2023_01_01,CUS_0x8b1,2023-01-01,10,0,10000,0.0,0.0,0.0,10000.0,2023-01-01
CUS_0x8b17_2023_01_01,CUS_0x8b17,2023-01-01,10,0,10000,0.0,0.0,0.0,10000.0,2023-01-01
CUS_0x8c2c_2023_01_01,CUS_0x8c2c,2023-01-01,10,0,10000,0.0,0.0,0.0,10000.0,2023-01-01
CUS_0x8c9a_2023_01_01,CUS_0x8c9a,2023-01-01,10,0,10000,0.0,0.0,0.0,10000.0,2023-01-01
CUS_0x8d21_2023_01_01,CUS_0x8d21,2023-01-01,10,0,10000,0.0,0.0,0.0,10000.0,2023-01-01
CUS_0x8de0_2023_01_01,CUS_0x8de0,2023-01-01,10,0,10000,0.0,0.0,0.0,10000.0,2023-01-01
CUS_0x8e30_2023_01_01,CUS_0x8e30,2023-01-01,10,0,10000,0.0,0.0,0.0,10000.0,2023-01-01
CUS_0x8e44_2023_01_01,CUS_0x8e44,2023-01-01,10,0,10000,0.0,0.0,0.0,10000.0,2023-01-01
CUS_0x8e90_2023_01_01,CUS_0x8e90,2023-01-01,10,0,10000,0.0,0.0,0.0,10000.0,2023-01-01
CUS_0x8f4e_2023_01_01,CUS_0x8f4e,2023-01-01,10,0,10000,0.0,0.0,0.0,10000.0,2023-01-01
CUS_0x8f7e_2023_01_01,CUS_0x8f7e,2023-01-01,10,0,10000,0.0,0.0,0.0,10000.0,2023-01-01
CUS_0x8fb4_2023_01_01,CUS_0x8fb4,2023-01-01,10,0,10000,0.0,0.0,0.0,10000.0,2023-01-01
CUS_0x9102_2023_01_01,CUS_0x9102,2023-01-01,10,0,10000,0.0,0.0,0.0,10000.0,2023-01-01
CUS_0x9124_2023_01_01,CUS_0x9124,2023-01-01,10,0,10000,0.0,0.0,0.0,10000.0,2023-01-01
CUS_0x9154_2023_01_01,CUS_0x9154,2023-01-01,10,0,10000,0.0,0.0,0.0,10000.0,2023-01-01
CUS_0x9190_2023_01_01,CUS_0x9190,2023-01-01,10,0,10000,0.0,0.0,0.0,10000.0,2023-01-01
CUS_0x9230_2023_01_01,CUS_0x9230,2023-01-01,10,0,10000,0.0,0.0,0.0,10000.0,2023-01-01
CUS_0x9273_2023_01_01,CUS_0x9273,2023-01-01,10,0,10000,0.0,0.0,0.0,10000.0,2023-01-01
CUS_0x9278_2023_01_01,CUS_0x9278,2023-01-01,10,0,10000,0.0,0.0,0.0,10000.0,2023-01-01
CUS_0x928f_2023_01_01,CUS_0x928f,2023-01-01,10,0,10000,0.0,0.0,0.0,10000.0,2023-01-01
CUS_0x929a_2023_01_01,CUS_0x929a,2023-01-01,10,0,10000,0.0,0.0,0.0,10000.0,2023-01-01
CUS_0x929c_2023_01_01,CUS_0x929c,2023-01-01,10,0,10000,0.0,0.0,0.0,10000.0,2023-01-01
CUS_0x92d6_2023_01_01,CUS_0x92d6,2023-01-01,10,0,10000,0.0,0.0,0.0,10000.0,2023-01-01
CUS_0x92f0_2023_01_01,CUS_0x92f0,2023-01-01,10,0,10000,0.0,0.0,0.0,10000.0,2023-01-01
CUS_0x9357_2023_01_01,CUS_0x9357,2023-01-01,10,0,10000,0.0,0.0,0.0,10000.0,2023-01-01
CUS_0x93a0_2023_01_01,CUS_0x93a0,2023-01-01,10,0,10000,0.0,0.0,0.0,10000.0,2023-01-01
CUS_0x9435_2023_01_01,CUS_0x9435,2023-01-01,10,0,10000,0.0,0.0,0.0,10000.0,2023-01-01
CUS_0x948f_2023_01_01,CUS_0x948f,2023-01-01,10,0,10000,0.0,0.0,0.0,10000.0,2023-01-01
CUS_0x950d_2023_01_01,CUS_0x950d,2023-01-01,10,0,10000,0.0,0.0,0.0,10000.0,2023-01-01
CUS_0x95aa_2023_01_01,CUS_0x95aa,2023-01-01,10,0,10000,0.0,0.0,0.0,10000.0,2023-01-01
CUS_0x962f_2023_01_01,CUS_0x962f,2023-01-01,10,0,10000,0.0,0.0,0.0,10000.0,2023-01-01
CUS_0x96a2_2023_01_01,CUS_0x96a2,2023-01-01,10,0,10000,0.0,0.0,0.0,10000.0,2023-01-01
CUS_0x970f_2023_01_01,CUS_0x970f,2023-01-01,10,0,10000,0.0,0.0,0.0,10000.0,2023-01-01
CUS_0x972d_2023_01_01,CUS_0x972d,2023-01-01,10,0,10000,0.0,0.0,0.0,10000.0,2023-01-01
CUS_0x97ab_2023_01_01,CUS_0x97ab,2023-01-01,10,0,10000,0.0,0.0,0.0,10000.0,2023-01-01
CUS_0x97b_2023_01_01,CUS_0x97b,2023-01-01,10,0,10000,0.0,0.0,0.0,10000.0,2023-01-01
CUS_0x97bd_2023_01_01,CUS_0x97bd,2023-01-01,10,0,10000,0.0,0.0,0.0,10000.0,2023-01-01
CUS_0x9805_2023_01_01,CUS_0x9805,2023-01-01,10,0,10000,0.0,0.0,0.0,10000.0,2023-01-01
CUS_0x988c_2023_01_01,CUS_0x988c,2023-01-01,10,0,10000,0.0,0.0,0.0,10000.0,2023-01-01
CUS_0x9916_2023_01_01,CUS_0x9916,2023-01-01,10,0,10000,0.0,0.0,0.0,10000.0,2023-01-01
CUS_0x9979_2023_01_01,CUS_0x9979,2023-01-01,10,0,10000,0.0,0.0,0.0,10000.0,2023-01-01
CUS_0x9985_2023_01_01,CUS_0x9985,2023-01-01,10,0,10000,0.0,0.0,0.0,10000.0,2023-01-01
CUS_0x9a55_2023_01_01,CUS_0x9a55,2023-01-01,10,0,10000,0.0,0.0,0.0,10000.0,2023-01-01
CUS_0x9a71_2023_01_01,CUS_0x9a71,2023-01-01,10,0,10000,0.0,0.0,0.0,10000.0,2023-01-01
CUS_0x9b24_2023_01_01,CUS_0x9b24,2023-01-01,10,0,10000,0.0,0.0,0.0,10000.0,2023-01-01
CUS_0x9bef_2023_01_01,CUS_0x9bef,2023-01-01,10,0,10000,0.0,0.0,0.0,10000.0,2023-01-01
CUS_0x9c67_2023_01_01,CUS_0x9c67,2023-01-01,10,0,10000,0.0,0.0,0.0,10000.0,2023-01-01
CUS_0x9ce6_2023_01_01,CUS_0x9ce6,2023-01-01,10,0,10000,0.0,0.0,0.0,10000.0,2023-01-01
CUS_0x9e02_2023_01_01,CUS_0x9e02,2023-01-01,10,0,10000,0.0,0.0,0.0,10000.0,2023-01-01
CUS_0x9e09_2023_01_01,CUS_0x9e09,2023-01-01,10,0,10000,0.0,0.0,0.0,10000.0,2023-01-01
CUS_0x9e6a_2023_01_01,CUS_0x9e6a,2023-01-01,10,0,10000,0.0,0.0,0.0,10000.0,2023-01-01
CUS_0x9f91_2023_01_01,CUS_0x9f91,2023-01-01,10,0,10000,0.0,0.0,0.0,10000.0,2023-01-01
CUS_0xa0c_2023_01_01,CUS_0xa0c,2023-01-01,10,0,10000,0.0,0.0,0.0,10000.0,2023-01-01
CUS_0xa134_2023_01_01,CUS_0xa134,2023-01-01,10,0,10000,0.0,0.0,0.0,10000.0,2023-01-01
CUS_0xa146_2023_01_01,CUS_0xa146,2023-01-01,10,0,10000,0.0,0.0,0.0,10000.0,2023-01-01
CUS_0xa182_2023_01_01,CUS_0xa182,2023-01-01,10,0,10000,0.0,0.0,0.0,10000.0,2023-01-01
CUS_0xa187_2023_01_01,CUS_0xa187,2023-01-01,10,0,10000,0.0,0.0,0.0,10000.0,2023-01-01
CUS_0xa1bb_2023_01_01,CUS_0xa1bb,2023-01-01,10,0,10000,0.0,0.0,0.0,10000.0,2023-01-01
CUS_0xa203_2023_01_01,CUS_0xa203,2023-01-01,10,0,10000,0.0,0.0,0.0,10000.0,2023-01-01
CUS_0xa20d_2023_01_01,CUS_0xa20d,2023-01-01,10,0,10000,0.0,0.0,0.0,10000.0,2023-01-01
CUS_0xa2c0_2023_01_01,CUS_0xa2c0,2023-01-01,10,0,10000,0.0,0.0,0.0,10000.0,2023-01-01
CUS_0xa2ee_2023_01_01,CUS_0xa2ee,2023-01-01,10,0,10000,0.0,0.0,0.0,10000.0,2023-01-01
CUS_0xa408_2023_01_01,CUS_0xa408,2023-01-01,10,0,10000,0.0,0.0,0.0,10000.0,2023-01-01
CUS_0xa422_2023_01_01,CUS_0xa422,2023-01-01,10,0,10000,0.0,0.0,0.0,10000.0,2023-01-01
CUS_0xa423_2023_01_01,CUS_0xa423,2023-01-01,10,0,10000,0.0,0.0,0.0,10000.0,2023-01-01
CUS_0xa463_2023_01_01,CUS_0xa463,2023-01-01,10,0,10000,0.0,0.0,0.0,10000.0,2023-01-01
CUS_0xa488_2023_01_01,CUS_0xa488,2023-01-01,10,0,10000,0.0,0.0,0.0,10000.0,2023-01-01
CUS_0xa52_2023_01_01,CUS_0xa52,2023-01-01,10,0,10000,0.0,0.0,0.0,10000.0,2023-01-01
CUS_0xa54d_2023_01_01,CUS_0xa54d,2023-01-01,10,0,10000,0.0,0.0,0.0,10000.0,2023-01-01
CUS_0xa5c_2023_01_01,CUS_0xa5c,2023-01-01,10,0,10000,0.0,0.0,0.0,10000.0,2023-01-01
CUS_0xa5e6_2023_01_01,CUS_0xa5e6,2023-01-01,10,0,10000,0.0,0.0,0.0,10000.0,2023-01-01
CUS_0xa5e9_2023_01_01,CUS_0xa5e9,2023-01-01,10,0,10000,0.0,0.0,0.0,10000.0,2023-01-01
CUS_0xa65_2023_01_01,CUS_0xa65,2023-01-01,10,0,10000,0.0,0.0,0.0,10000.0,2023-01-01
CUS_0xa6d9_2023_01_01,CUS_0xa6d9,2023-01-01,10,0,10000,0.0,0.0,0.0,10000.0,2023-01-01
CUS_0xa801_2023_01_01,CUS_0xa801,2023-01-01,10,0,10000,0.0,0.0,0.0,10000.0,2023-01-01
CUS_0xa83_2023_01_01,CUS_0xa83,2023-01-01,10,0,10000,0.0,0.0,0.0,10000.0,2023-01-01
CUS_0xa8c6_2023_01_01,CUS_0xa8c6,2023-01-01,10,0,10000,0.0,0.0,0.0,10000.0,2023-01-01
CUS_0xa918_2023_01_01,CUS_0xa918,2023-01-01,10,0,10000,0.0,0.0,0.0,10000.0,2023-01-01
CUS_0xa9a_2023_01_01,CUS_0xa9a,2023-01-01,10,0,10000,0.0,0.0,0.0,10000.0,2023-01-01
CUS_0xaa8e_2023_01_01,CUS_0xaa8e,2023-01-01,10,0,10000,0.0,0.0,0.0,10000.0,2023-01-01
CUS_0xaaff_2023_01_01,CUS_0xaaff,2023-01-01,10,0,10000,0.0,0.0,0.0,10000.0,2023-01-01
CUS_0xabf2_2023_01_01,CUS_0xabf2,2023-01-01,10,0,10000,0.0,0.0,0.0,10000.0,2023-01-01
CUS_0xac46_2023_01_01,CUS_0xac46,2023-01-01,10,0,10000,0.0,0.0,0.0,10000.0,2023-01-01
CUS_0xac7c_2023_01_01,CUS_0xac7c,2023-01-01,10,0,10000,0.0,0.0,0.0,10000.0,2023-01-01
CUS_0xaca7_2023_01_01,CUS_0xaca7,2023-01-01,10,0,10000,0.0,0.0,0.0,10000.0,2023-01-01
CUS_0xacab_2023_01_01,CUS_0xacab,2023-01-01,10,0,10000,0.0,0.0,0.0,10000.0,2023-01-01
CUS_0xacfa_2023_01_01,CUS_0xacfa,2023-01-01,10,0,10000,0.0,0.0,0.0,10000.0,2023-01-01
CUS_0xad13_2023_01_01,CUS_0xad13,2023-01-01,10,0,10000,0.0,0.0,0.0,10000.0,2023-01-01
CUS_0xad1d_2023_01_01,CUS_0xad1d,2023-01-01,10,0,10000,0.0,0.0,0.0,10000.0,2023-01-01
CUS_0xad90_2023_01_01,CUS_0xad90,2023-01-01,10,0,10000,0.0,0.0,0.0,10000.0,2023-01-01
CUS_0xadb2_2023_01_01,CUS_0xadb2,2023-01-01,10,0,10000,0.0,0.0,0.0,10000.0,2023-01-01
CUS_0xadb8_2023_01_01,CUS_0xadb8,2023-01-01,10,0,10000,0.0,0.0,0.0,10000.0,2023-01-01
CUS_0xae51_2023_01_01,CUS_0xae51,2023-01-01,10,0,10000,0.0,0.0,0.0,10000.0,2023-01-01
CUS_0xae6a_2023_01_01,CUS_0xae6a,2023-01-01,10,0,10000,0.0,0.0,0.0,10000.0,2023-01-01
CUS_0xae7d_2023_01_01,CUS_0xae7d,2023-01-01,10,0,10000,0.0,0.0,0.0,10000.0,2023-01-01
CUS_0xae9e_2023_01_01,CUS_0xae9e,2023-01-01,10,0,10000,0.0,0.0,0.0,10000.0,2023-01-01
CUS_0xaebc_2023_01_01,CUS_0xaebc,2023-01-01,10,0,10000,0.0,0.0,0.0,10000.0,2023-01-01
CUS_0xaf09_2023_01_01,CUS_0xaf09,2023-01-01,10,0,10000,0.0,0.0,0.0,10000.0,2023-01-01
CUS_0xafb5_2023_01_01,CUS_0xafb5,2023-01-01,10,0,10000,0.0,0.0,0.0,10000.0,2023-01-01
CUS_0xb0bd_2023_01_01,CUS_0xb0bd,2023-01-01,10,0,10000,0.0,0.0,0.0,10000.0,2023-01-01
CUS_0xb0c4_2023_01_01,CUS_0xb0c4,2023-01-01,10,0,10000,0.0,0.0,0.0,10000.0,2023-01-01
CUS_0xb0e4_2023_01_01,CUS_0xb0e4,2023-01-01,10,0,10000,0.0,0.0,0.0,10000.0,2023-01-01
CUS_0xb1f5_2023_01_01,CUS_0xb1f5,2023-01-01,10,0,10000,0.0,0.0,0.0,10000.0,2023-01-01
CUS_0xb220_2023_01_01,CUS_0xb220,2023-01-01,10,0,10000,0.0,0.0,0.0,10000.0,2023-01-01
CUS_0xb2b8_2023_01_01,CUS_0xb2b8,2023-01-01,10,0,10000,0.0,0.0,0.0,10000.0,2023-01-01
CUS_0xb381_2023_01_01,CUS_0xb381,2023-01-01,10,0,10000,0.0,0.0,0.0,10000.0,2023-01-01
CUS_0xb3f4_2023_01_01,CUS_0xb3f4,2023-01-01,10,0,10000,0.0,0.0,0.0,10000.0,2023-01-01
CUS_0xb403_2023_01_01,CUS_0xb403,2023-01-01,10,0,10000,0.0,0.0,0.0,10000.0,2023-01-01
CUS_0xb41f_2023_01_01,CUS_0xb41f,2023-01-01,10,0,10000,0.0,0.0,0.0,10000.0,2023-01-01
CUS_0xb424_2023_01_01,CUS_0xb424,2023-01-01,10,0,10000,0.0,0.0,0.0,10000.0,2023-01-01
CUS_0xb437_2023_01_01,CUS_0xb437,2023-01-01,10,0,10000,0.0,0.0,0.0,10000.0,2023-01-01
CUS_0xb46_2023_01_01,CUS_0xb46,2023-01-01,10,0,10000,0.0,0.0,0.0,10000.0,2023-01-01
CUS_0xb4d8_2023_01_01,CUS_0xb4d8,2023-01-01,10,0,10000,0.0,0.0,0.0,10000.0,2023-01-01
CUS_0xb51c_2023_01_01,CUS_0xb51c,2023-01-01,10,0,10000,0.0,0.0,0.0,10000.0,2023-01-01
CUS_0xb64a_2023_01_01,CUS_0xb64a,2023-01-01,10,0,10000,0.0,0.0,0.0,10000.0,2023-01-01
CUS_0xb662_2023_01_01,CUS_0xb662,2023-01-01,10,0,10000,0.0,0.0,0.0,10000.0,2023-01-01
CUS_0xb67c_2023_01_01,CUS_0xb67c,2023-01-01,10,0,10000,0.0,0.0,0.0,10000.0,2023-01-01
CUS_0xb685_2023_01_01,CUS_0xb685,2023-01-01,10,0,10000,0.0,0.0,0.0,10000.0,2023-01-01
CUS_0xb6e3_2023_01_01,CUS_0xb6e3,2023-01-01,10,0,10000,0.0,0.0,0.0,10000.0,2023-01-01
CUS_0xb73_2023_01_01,CUS_0xb73,2023-01-01,10,0,10000,0.0,0.0,0.0,10000.0,2023-01-01
CUS_0xb745_2023_01_01,CUS_0xb745,2023-01-01,10,0,10000,0.0,0.0,0.0,10000.0,2023-01-01
CUS_0xb875_2023_01_01,CUS_0xb875,2023-01-01,10,0,10000,0.0,0.0,0.0,10000.0,2023-01-01
CUS_0xb8b9_2023_01_01,CUS_0xb8b9,2023-01-01,10,0,10000,0.0,0.0,0.0,10000.0,2023-01-01
CUS_0xb915_2023_01_01,CUS_0xb915,2023-01-01,10,0,10000,0.0,0.0,0.0,10000.0,2023-01-01
CUS_0xb93e_2023_01_01,CUS_0xb93e,2023-01-01,10,0,10000,0.0,0.0,0.0,10000.0,2023-01-01
CUS_0xba9d_2023_01_01,CUS_0xba9d,2023-01-01,10,0,10000,0.0,0.0,0.0,10000.0,2023-01-01
CUS_0xbbe4_2023_01_01,CUS_0xbbe4,2023-01-01,10,0,10000,0.0,0.0,0.0,10000.0,2023-01-01
CUS_0xbca6_2023_01_01,CUS_0xbca6,2023-01-01,10,0,10000,0.0,0.0,0.0,10000.0,2023-01-01
CUS_0xbd1f_2023_01_01,CUS_0xbd1f,2023-01-01,10,0,10000,0.0,0.0,0.0,10000.0,2023-01-01
CUS_0xbd8f_2023_01_01,CUS_0xbd8f,2023-01-01,10,0,10000,0.0,0.0,0.0,10000.0,2023-01-01
CUS_0xbf01_2023_01_01,CUS_0xbf01,2023-01-01,10,0,10000,0.0,0.0,0.0,10000.0,2023-01-01
CUS_0xbf38_2023_01_01,CUS_0xbf38,2023-01-01,10,0,10000,0.0,0.0,0.0,10000.0,2023-01-01
CUS_0xbf55_2023_01_01,CUS_0xbf55,2023-01-01,10,0,10000,0.0,0.0,0.0,10000.0,2023-01-01
CUS_0xc010_2023_01_01,CUS_0xc010,2023-01-01,10,0,10000,0.0,0.0,0.0,10000.0,2023-01-01
CUS_0xc055_2023_01_01,CUS_0xc055,2023-01-01,10,0,10000,0.0,0.0,0.0,10000.0,2023-01-01
CUS_0xc063_2023_01_01,CUS_0xc063,2023-01-01,10,0,10000,0.0,0.0,0.0,10000.0,2023-01-01
CUS_0xc0f6_2023_01_01,CUS_0xc0f6,2023-01-01,10,0,10000,0.0,0.0,0.0,10000.0,2023-01-01
CUS_0xc144_2023_01_01,CUS_0xc144,2023-01-01,10,0,10000,0.0,0.0,0.0,10000.0,2023-01-01
CUS_0xc18b_2023_01_01,CUS_0xc18b,2023-01-01,10,0,10000,0.0,0.0,0.0,10000.0,2023-01-01
CUS_0xc1b3_2023_01_01,CUS_0xc1b3,2023-01-01,10,0,10000,0.0,0.0,0.0,10000.0,2023-01-01
CUS_0xc1b4_2023_01_01,CUS_0xc1b4,2023-01-01,10,0,10000,0.0,0.0,0.0,10000.0,2023-01-01
CUS_0xc1e7_2023_01_01,CUS_0xc1e7,2023-01-01,10,0,10000,0.0,0.0,0.0,10000.0,2023-01-01
CUS_0xc206_2023_01_01,CUS_0xc206,2023-01-01,10,0,10000,0.0,0.0,0.0,10000.0,2023-01-01
CUS_0xc254_2023_01_01,CUS_0xc254,2023-01-01,10,0,10000,0.0,0.0,0.0,10000.0,2023-01-01
CUS_0xc29e_2023_01_01,CUS_0xc29e,2023-01-01,10,0,10000,0.0,0.0,0.0,10000.0,2023-01-01
CUS_0xc2e2_2023_01_01,CUS_0xc2e2,2023-01-01,10,0,10000,0.0,0.0,0.0,10000.0,2023-01-01
CUS_0xc2ea_2023_01_01,CUS_0xc2ea,2023-01-01,10,0,10000,0.0,0.0,0.0,10000.0,2023-01-01
CUS_0xc2fd_2023_01_01,CUS_0xc2fd,2023-01-01,10,0,10000,0.0,0.0,0.0,10000.0,2023-01-01
CUS_0xc305_2023_01_01,CUS_0xc305,2023-01-01,10,0,10000,0.0,0.0,0.0,10000.0,2023-01-01
CUS_0xc38a_2023_01_01,CUS_0xc38a,2023-01-01,10,0,10000,0.0,0.0,0.0,10000.0,2023-01-01
CUS_0xc3aa_2023_01_01,CUS_0xc3aa,2023-01-01,10,0,10000,0.0,0.0,0.0,10000.0,2023-01-01
CUS_0xc3d0_2023_01_01,CUS_0xc3d0,2023-01-01,10,0,10000,0.0,0.0,0.0,10000.0,2023-01-01
CUS_0xc3ee_2023_01_01,CUS_0xc3ee,2023-01-01,10,0,10000,0.0,0.0,0.0,10000.0,2023-01-01
CUS_0xc465_2023_01_01,CUS_0xc465,2023-01-01,10,0,10000,0.0,0.0,0.0,10000.0,2023-01-01
CUS_0xc4c3_2023_01_01,CUS_0xc4c3,2023-01-01,10,0,10000,0.0,0.0,0.0,10000.0,2023-01-01
CUS_0xc5cb_2023_01_01,CUS_0xc5cb,2023-01-01,10,0,10000,0.0,0.0,0.0,10000.0,2023-01-01
CUS_0xc5e8_2023_01_01,CUS_0xc5e8,2023-01-01,10,0,10000,0.0,0.0,0.0,10000.0,2023-01-01
CUS_0xc60e_2023_01_01,CUS_0xc60e,2023-01-01,10,0,10000,0.0,0.0,0.0,10000.0,2023-01-01
CUS_0xc622_2023_01_01,CUS_0xc622,2023-01-01,10,0,10000,0.0,0.0,0.0,10000.0,2023-01-01
CUS_0xc63b_2023_01_01,CUS_0xc63b,2023-01-01,10,0,10000,0.0,0.0,0.0,10000.0,2023-01-01
CUS_0xc686_2023_01_01,CUS_0xc686,2023-01-01,10,0,10000,0.0,0.0,0.0,10000.0,2023-01-01
CUS_0xc712_2023_01_01,CUS_0xc712,2023-01-01,10,0,10000,0.0,0.0,0.0,10000.0,2023-01-01
CUS_0xc716_2023_01_01,CUS_0xc716,2023-01-01,10,0,10000,0.0,0.0,0.0,10000.0,2023-01-01
CUS_0xcf0_2023_01_01,CUS_0xcf0,2023-01-01,10,0,10000,0.0,0.0,0.0,10000.0,2023-01-01
CUS_0xd20_2023_01_01,CUS_0xd20,2023-01-01,10,0,10000,0.0,0.0,0.0,10000.0,2023-01-01
CUS_0xd6f_2023_01_01,CUS_0xd6f,2023-01-01,10,0,10000,0.0,0.0,0.0,10000.0,2023-01-01
CUS_0xd73_2023_01_01,CUS_0xd73,2023-01-01,10,0,10000,0.0,0.0,0.0,10000.0,2023-01-01
CUS_0xdd3_2023_01_01,CUS_0xdd3,2023-01-01,10,0,10000,0.0,0.0,0.0,10000.0,2023-01-01
CUS_0xdd8_2023_01_01,CUS_0xdd8,2023-01-01,10,0,10000,0.0,0.0,0.0,10000.0,2023-01-01
CUS_0xde2_2023_01_01,CUS_0xde2,2023-01-01,10,0,10000,0.0,0.0,0.0,10000.0,2023-01-01
CUS_0xdfb_2023_01_01,CUS_0xdfb,2023-01-01,10,0,10000,0.0,0.0,0.0,10000.0,2023-01-01
CUS_0xe28_2023_01_01,CUS_0xe28,2023-01-01,10,0,10000,0.0,0.0,0.0,10000.0,2023-01-01
CUS_0xe64_2023_01_01,CUS_0xe64,2023-01-01,10,0,10000,0.0,0.0,0.0,10000.0,2023-01-01
CUS_0xe84_2023_01_01,CUS_0xe84,2023-01-01,10,0,10000,0.0,0.0,0.0,10000.0,2023-01-01
CUS_0xe98_2023_01_01,CUS_0xe98,2023-01-01,10,0,10000,0.0,0.0,0.0,10000.0,2023-01-01
CUS_0xea6_2023_01_01,CUS_0xea6,2023-01-01,10,0,10000,0.0,0.0,0.0,10000.0,2023-01-01
CUS_0xed3_2023_01_01,CUS_0xed3,2023-01-01,10,0,10000,0.0,0.0,0.0,10000.0,2023-01-01
CUS_0xed8_2023_01_01,CUS_0xed8,2023-01-01,10,0,10000,0.0,0.0,0.0,10000.0,2023-01-01
CUS_0xfc9_2023_01_01,CUS_0xfc9,2023-01-01,10,0,10000,0.0,0.0,0.0,10000.0,2023-01-01
